time,workers_share,capital,profit_rate
0.0,0.6,1.0,0.06999999999999999
0.1001001001001001,0.6083075866461296,0.9950074991623266,0.06792013474833108
0.2002002002002002,0.6164108865715133,0.9900399233890824,0.06588590914742103
0.3003003003003003,0.6243064588089039,0.9850971482430549,0.06389892897647086
0.4004004004004004,0.6319915453260112,0.9801790499061167,0.06196061103494692
0.5005005005005005,0.6394640345036338,0.9752855051699261,0.06007219080055633
0.6006006006006006,0.6467224726976413,0.9704163914384006,0.05823471555211934
0.7007007007007008,0.6537661412790755,0.965571586762717,0.056449017248634145
0.8008008008008008,0.6605948213508486,0.9607509697929939,0.05471578123988881
0.9009009009009009,0.6672087808966027,0.9559544197753148,0.05303554759354147
1.001001001001001,0.6736087747807107,0.9511818165517277,0.05140870848480743
1.1011011011011012,0.679796044748275,0.9464330405602459,0.049835505558516
1.2012012012012012,0.6857723194251288,0.9417079728348471,0.04831602726330768
1.3013013013013013,0.6915398143178352,0.9370064950054736,0.0468502061577418
1.4014014014014016,0.6971012311836389,0.93232848929797,0.045437816386603144
1.5015015015015016,0.7024594885127023,0.9276738385160226,0.04407855615301401
1.6016016016016017,0.7076177676700058,0.9230424260698971,0.0427720317950505
1.7017017017017018,0.7125796001524777,0.9184341359618232,0.04151772845241826
1.8018018018018018,0.7173486977350663,0.9138488527620041,0.04031506228683074
1.9019019019019021,0.721928952470741,0.9092864616086163,0.03916337935861522
2.002002002002002,0.7263244366904915,0.9047468482078093,0.03806195449185862
2.1021021021021022,0.7305394030033282,0.9002298988337062,0.037009990127997314
2.2022022022022023,0.734578284296282,0.8957355003284031,0.03600661516775647
2.3023023023023024,0.7384456937344045,0.8912635401019694,0.03505088380134344
2.4024024024024024,0.7421463926942038,0.8868139061298312,0.034141784790808205
2.5025025025025025,0.7456849867213114,0.8823864869423936,0.03327834002287354
2.6026026026026026,0.7490661445232741,0.8779811716485084,0.03245953327108121
2.702702702702703,0.7522945628789053,0.8735978499050405,0.03168432124188318
2.802802802802803,0.7553749298734034,0.8692364119114679,0.03095164541174307
2.902902902902903,0.7583119248983521,0.8648967484098813,0.030260431908181618
3.0030030030030033,0.7611102186517198,0.8605787506849844,0.02960959139013658
3.1031031031031033,0.7637744731378602,0.8562823105640935,0.028998018927632083
3.2032032032032034,0.766309341667512,0.8520073204171384,0.02842459388075244
3.3033033033033035,0.7687194422942056,0.8477536731522037,0.027888188724004517
3.4034034034034035,0.7710091949223806,0.843521262210785,0.02738772413068334
3.5035035035035036,0.7731829311318925,0.8393099815863917,0.026922132727603437
3.6036036036036037,0.7752449070735552,0.8351197257943732,0.026490355067373697
3.7037037037037037,0.7771992972212296,0.8309503898692945,0.026091342048726957
3.8038038038038042,0.7790501943718237,0.8268018693649354,0.025724055243893346
3.9039039039039043,0.7808016096452923,0.8226740603542911,0.025387467229965432
4.004004004004004,0.7824574724846379,0.8185668594295722,0.02508056192428869
4.104104104104104,0.7840216306559094,0.8144801637022042,0.024802334923911457
4.2042042042042045,0.7854978259056477,0.8104138707945095,0.024551802310096807
4.3043043043043046,0.7868895974660485,0.8063678788454882,0.024328034799284123
4.404404404404405,0.788200363140226,0.8023420865187394,0.024130130455091464
4.504504504504505,0.7894334483773467,0.798336392974905,0.023957205084478544
4.604604604604605,0.7905920859937765,0.7943506978711136,0.023808392770161002
4.704704704704705,0.7916794161730806,0.7903849013609795,0.023682846311453648
4.804804804804805,0.7926984864660231,0.7864389040946029,0.02357973767019922
4.904904904904905,0.7936522517905681,0.7825126072185707,0.023498258421824
5.005005005005005,0.7945435744318781,0.7786059123759553,0.023437620211564564
5.105105105105105,0.7953752157308722,0.7747187216977593,0.02339705819771426
5.205205205205205,0.7961497668815419,0.7708509378074297,0.02337585647984225
5.305305305305305,0.7968696948529665,0.7670024638343695,0.02337333247224399
5.405405405405406,0.7975373891654557,0.7631732033827303,0.023388820631972174
5.505505505505506,0.7981551623286197,0.7593630605305188,0.023421672690975434
5.605605605605606,0.7987252498413697,0.7555719398295967,0.02347125804919166
5.705705705705706,0.7992498101919175,0.7517997463056811,0.023536964172109362
5.805805805805806,0.7997309248577759,0.7480463854583446,0.02361819699283417
5.9059059059059065,0.8001705983057579,0.7443117632610146,0.02371438131869795
6.0060060060060065,0.800570758373631,0.7405957861594155,0.023824961101275938
6.106106106106107,0.800933233800644,0.7368983610543401,0.023949408197898606
6.206206206206207,0.8012597175441291,0.7332193953400558,0.024087236608405643
6.306306306306307,0.8015518362777819,0.7295587968736987,0.02423797728910937
6.406406406406407,0.8018111620417426,0.7259164739633991,0.024401174143344626
6.506506506506507,0.8020392122425961,0.7222923353682803,0.024576384312015434
6.606606606606607,0.8022374496533722,0.7186862902984593,0.024763178467430966
6.706706706706707,0.8024072824135453,0.7150982484150469,0.024961141110457705
6.806806806806807,0.8025500640290347,0.7115281198301469,0.02516987087101527
6.906906906906907,0.8026670933722044,0.7079758151068569,0.025388980811943476
7.007007007007007,0.802759614939332,0.7044412452584972,0.025618098637618172
7.107107107107107,0.8028288095528057,0.7009243217265956,0.025856870581688993
7.207207207207207,0.8028757545587148,0.697424956424928,0.02610497714572073
7.307307307307307,0.8029014778019435,0.69394306171394,0.026362112838422075
7.407407407407407,0.8029069725222697,0.6904785503817534,0.026627980674662974
7.507507507507508,0.8028931973543648,0.6870313356441661,0.026902292366113495
7.6076076076076085,0.802861076327794,0.6836013311446523,0.027184768514037172
7.7077077077077085,0.8028114988670163,0.6801884509543625,0.0274751388042577
7.807807807807809,0.8027453197913842,0.6767926095721234,0.02777314220431612
7.907907907907909,0.8026633593151441,0.6734137219244378,0.028078527162836736
8.008008008008009,0.802566403047436,0.6700517033654851,0.02839105181112013
8.108108108108109,0.8024552024079897,0.666706469674806,0.028710484001541248
8.208208208208209,0.8023304636379576,0.6633779370314279,0.029036605906843593
8.308308308308309,0.8021928214429803,0.6600660220738281,0.029369224873353444
8.408408408408409,0.8020428825715255,0.6567706418610241,0.029708156348406248
8.508508508508509,0.801881233946669,0.6534917138557762,0.030053220764393596
8.608608608608609,0.8017084426660955,0.6502291559245893,0.030404243651423565
8.70870870870871,0.801525056002098,0.6469828863377114,0.03076105575125486
8.80880880880881,0.8013316014015782,0.6437528237691346,0.031123493132514682
8.90890890890891,0.8011285864860461,0.6405388872965944,0.03149139730721165
9.00900900900901,0.8009164990516205,0.6373409964015702,0.03186461534855298
9.10910910910911,0.8006958070690284,0.6341590709692849,0.03224300001007825
9.20920920920921,0.8004669586836058,0.6309930312887055,0.03262640984611877
9.30930930930931,0.8002303825125391,0.6278427980461663,0.033014709210665585
9.40940940940941,0.7999864730067973,0.6247082922998148,0.03340777448499467
9.50950950950951,0.7997355793623132,0.6215894355566233,0.033805498940363624
9.60960960960961,0.7994780373900775,0.6184861497151665,0.03420777967297822
9.70970970970971,0.7992141727049552,0.6153983570531085,0.03461451634326439
9.80980980980981,0.7989443007256861,0.6123259802272025,0.035025611235143805
9.90990990990991,0.7986687266748846,0.6092689422732904,0.03544096931598047
10.01001001001001,0.7983877455790399,0.6062271666063036,0.03586049829720321
10.11011011011011,0.7981016422685153,0.6032005770202622,0.036284108695610176
10.21021021021021,0.7978106913775493,0.6001890976882757,0.03671171389535942
10.31031031031031,0.7975151573442546,0.5971926531625423,0.03714323021065297
10.41041041041041,0.7972152944106186,0.5942111683743498,0.03757857694911802
10.51051051051051,0.7969113466225035,0.5912445686340746,0.03801767647589219
10.61061061061061,0.7966035477584934,0.588292779623129,0.038460454310211056
10.710710710710712,0.7962921079256378,0.5853557273610229,0.038906845045196425
10.810810810810812,0.7959772076702708,0.5824333383048724,0.039356795086141386
10.910910910910912,0.7956590210160307,0.579525539281008,0.039810252748652866
11.011011011011012,0.7953377174535198,0.576632257469447,0.04026716742399243
11.111111111111112,0.7950134619403043,0.5737534204038937,0.040727489605404704
11.211211211211213,0.7946864149009147,0.5708889559717392,0.04119117091474356
11.311311311311313,0.7943567322268451,0.5680387924140616,0.04165816412939931
11.411411411411413,0.7940245652765537,0.565202858325626,0.04212842320952809
11.511511511511513,0.793690060875463,0.5623810826548841,0.04260190332558644
11.611611611611613,0.7933533613159589,0.5595733947039746,0.04307856088617347
11.711711711711713,0.7930146043573918,0.5567797241287232,0.043558353566182054
11.811811811811813,0.7926739232260759,0.5540000009386423,0.044041240335262466
11.911911911911913,0.7923314466152893,0.5512341554969314,0.04452718148660016
12.012012012012013,0.7919872986829264,0.5484821185197827,0.04501613866716668
12.112112112112113,0.7916415924090078,0.5457438210219359,0.04550807795863439
12.212212212212213,0.7912944168110815,0.5430191944165024,0.04600297582937089
12.312312312312313,0.7909458552581963,0.5403081704953828,0.046500810870027054
12.412412412412413,0.7905959896113457,0.5376106813781101,0.04700156192277369
12.512512512512513,0.7902449002234684,0.5349266595118493,0.0475052080891446
12.612612612612613,0.7898926659394475,0.5322560376713976,0.04801172873796854
12.712712712712714,0.7895393640961115,0.5295987489591846,0.04852110351338937
12.812812812812814,0.7891850705222334,0.5269547268052718,0.049033312342975977
12.912912912912914,0.7888298595385311,0.5243239049673531,0.049548335445922256
13.013013013013014,0.7884738039576678,0.5217062175307546,0.05006615334133643
13.113113113113114,0.7881169750842508,0.5191015989084344,0.050586746856622636
13.213213213213214,0.7877594427148331,0.5165099838409832,0.05111009713595245
13.313313313313314,0.787401275137912,0.5139313073966234,0.05163618564882928
13.413413413413414,0.7870425391339301,0.5113655049712099,0.05216499419874436
13.513513513513514,0.7866832999752744,0.5088125122882299,0.05269650493192592
13.613613613613614,0.7863236211919393,0.5062722653927223,0.05323070046026199
13.713713713713714,0.7859635540445076,0.5037447005862307,0.05376756898527853
13.813813813813814,0.785603134661731,0.5012297545803146,0.05430710576950851
13.913913913913914,0.7852423981674164,0.49872736442398163,0.05484930637561175
14.014014014014014,0.7848813796385831,0.4962374674674351,0.055394166208642126
14.114114114114114,0.7845201141054644,0.4937600013620743,0.05594168051445712
14.214214214214214,0.7841586365515073,0.49129490406049486,0.05649184437810771
14.314314314314315,0.7837969819133719,0.48884211381648807,0.05704465272220835
14.414414414414415,0.7834351850809319,0.4864015691850414,0.05760010030528587
14.514514514514515,0.7830732808972748,0.48397320902233837,0.05815818172010742
14.614614614614615,0.7827113041587012,0.4815569724857584,0.05871889139198709
14.714714714714715,0.7823492896147254,0.4791527990338771,0.059282223577070095
14.814814814814815,0.7819872719680753,0.476760628426466,0.05984817236059485
14.914914914914915,0.7816252858746919,0.47438040072449256,0.060416731655132144
15.015015015015017,0.7812633659437304,0.4720120562901204,0.06098789519880028
15.115115115115117,0.7809015467375587,0.46965553578670916,0.061561656553457245
15.215215215215217,0.7805398627717589,0.4673107801788144,0.06213800910286778
15.315315315315317,0.7801783485151261,0.4649777307321878,0.0627169460508458
15.415415415415417,0.7798170326762628,0.4626563289500255,0.06329846337021892
15.515515515515517,0.7794559282239665,0.46034651665958864,0.0638825649912497
15.615615615615617,0.7790950468091478,0.45804823605929584,0.06446925546063695
15.715715715715717,0.7787344006634477,0.45576142962250044,0.06505853898157765
15.815815815815817,0.778374002597027,0.4534860400974114,0.06565041940890332
15.915915915915917,0.7780138659985668,0.4512220105070935,0.06624490024299819
16.016016016016017,0.777654004835268,0.4489692841494671,0.06684198462364548
16.116116116116117,0.7772944336528521,0.4467278045973082,0.06744167532380071
16.216216216216218,0.7769351675755604,0.4444975156982487,0.06804397474329155
16.316316316316318,0.7765762223061541,0.442278361574776,0.06864888490244261
16.416416416416418,0.7762176141259152,0.4400702866242333,0.06925640743562476
16.516516516516518,0.775859359894645,0.43787323551881935,0.06986654358472817
16.616616616616618,0.7755014770506656,0.43568715320558876,0.07047929419255738
16.716716716716718,0.7751439836108189,0.4335119849064517,0.0710946596961485
16.816816816816818,0.774786898170467,0.4313476761181741,0.07171264012000675
16.916916916916918,0.7744302399034919,0.42919417261237747,0.07233323506926366
17.017017017017018,0.774074028562296,0.42705142043553923,0.07295644372275302
17.117117117117118,0.7737182844778018,0.4249193659089922,0.0735822648260044
17.217217217217218,0.7733630284051546,0.42279795562582767,0.07421069676935457
17.31731731731732,0.7730082713308409,0.42068713636406946,0.07484174320624419
17.41741741741742,0.7726540134708316,0.41858685526072686,0.07547541366319464
17.51751751751752,0.7723002561332117,0.4164970597631682,0.07611171708239385
17.61761761761762,0.7719470014217155,0.4144176975679752,0.07675066198824561
17.71771771771772,0.7715942522357263,0.4123487166209428,0.07739225647946497
17.81781781781782,0.771242012270277,0.4102900651170794,0.07803650822107987
17.91791791791792,0.7708902860160491,0.4082416915006065,0.07868342443633784
18.01801801801802,0.7705390787593737,0.4062035444649592,0.0793330118985167
18.11811811811812,0.7701883965822309,0.40417557295278567,0.07998527692263753
18.21821821821822,0.76983824636225,0.40215772615594747,0.08064022535708075
18.31831831831832,0.7694886357727093,0.40014995351551963,0.0812978625751012
18.41841841841842,0.7691395732825366,0.3981522047217903,0.08195819346624399
18.51851851851852,0.7687910681563085,0.396164429714261,0.08262122242765797
18.61861861861862,0.768443130454251,0.3941865786816467,0.08328695335530649
18.71871871871872,0.7680957710322394,0.3922186020618755,0.08395538963507419
18.81881881881882,0.7677490015417977,0.39026045054208897,0.08462653413376865
18.91891891891892,0.7674028344300995,0.38831207505864185,0.08530038919001533
19.01901901901902,0.7670572829399674,0.3863734267971024,0.0859769566050448
19.11911911911912,0.7667123611098731,0.38444445719225206,0.08665623763337145
19.21921921921922,0.7663680828112021,0.3825251179284157,0.08733823353921284
19.31931931931932,0.7660244347229644,0.3806153609469893,0.08802296153727053
19.41941941941942,0.7656814104588493,0.3787151384252114,0.08871043487589401
19.51951951951952,0.7653390141558558,0.3768244027699642,0.08940066063558554
19.61961961961962,0.7649972500720982,0.3749431066212179,0.09009364581985797
19.71971971971972,0.7646561225868059,0.3730712028520303,0.09078939735347673
19.81981981981982,0.7643156362003238,0.37120864456854735,0.09148792208067046
19.91991991991992,0.7639757955341122,0.3693553851100026,0.09218922676331055
20.02002002002002,0.7636366053307464,0.3675113780487176,0.09289331807905844
20.12012012012012,0.7632980704539173,0.3656765771901016,0.09360020261947967
20.22022022022022,0.7629601957307124,0.3638509365721874,0.09430988698427313
20.32032032032032,0.7626229843013813,0.36203441046297286,0.09502237878994364
20.42042042042042,0.762286439276807,0.3602269533625849,0.0957376856704752
20.52052052052052,0.7619505640208043,0.3584285199960279,0.09645581510548364
20.62062062062062,0.7616153619529388,0.3566390653119754,0.09717677453909969
20.72072072072072,0.761280836548526,0.3548585444827711,0.09790057137887075
20.82082082082082,0.7609469913386316,0.35308691290442795,0.09862721299463807
20.92092092092092,0.7606138296727346,0.3513241543771845,0.09935669847928304
21.02102102102102,0.7602813514039003,0.34957565026230286,0.10008740664543479
21.12112112112112,0.7599496652271845,0.34785009406198464,0.10081657820656943
21.22122122122122,0.7596189284302901,0.34615284570349913,0.1015423393587148
21.32132132132132,0.7592893039391664,0.34448751419829454,0.10226328787976248
21.421421421421424,0.758960960318009,0.34285595764199767,0.1029785192438508
21.521521521521525,0.7586340717692602,0.34125828321441437,0.10368765272857568
21.621621621621625,0.7583088181336086,0.33969284717952897,0.10439085725195625
21.721721721721725,0.757985372211077,0.3381574155096257,0.10508851234209073
21.821821821821825,0.7576638647865891,0.33665226562457495,0.10578023444029093
21.921921921921925,0.7573444244652101,0.3351769209557088,0.10646588264727651
22.022022022022025,0.7570271733841334,0.3337308423247386,0.10714534456694998
22.122122122122125,0.756712226492539,0.33231349837161483,0.10781851440769184
22.222222222222225,0.7563996915515946,0.330924365554527,0.10848529302368813
22.322322322322325,0.7560896691344546,0.32956292814990334,0.10914558794973499
22.422422422422425,0.755782252626261,0.32822867825241153,0.10979931342963738
22.522522522522525,0.7554775343876137,0.32692111760401305,0.11044638576573136
22.622622622622625,0.7551756098547622,0.3256397581812836,0.11108672035308502
22.722722722722725,0.7548765377826169,0.32438410958180364,0.1117202621988417
22.822822822822825,0.7545803711697164,0.323153688471742,0.11234696254791092
22.922922922922925,0.7542871603112716,0.32194801951423474,0.11296677652074062
23.023023023023026,0.7539969527991649,0.32076663536938504,0.1135796630613453
23.123123123123126,0.7537097935219507,0.31960907669426303,0.1141855848816724
23.223223223223226,0.7534257246648552,0.31847489214290614,0.11478450840248265
23.323323323323326,0.7531447857097767,0.31736363836631876,0.11537640369092304
23.423423423423426,0.7528670134352852,0.3162748800124724,0.11596124439497181
23.523523523523526,0.7525924419166223,0.3152081897263057,0.11653900767493659
23.623623623623626,0.7523211025257021,0.31416314814972446,0.1171096741321865
23.723723723723726,0.7520530239311101,0.3131393439216014,0.11767322773530024
23.823823823823826,0.7517882320981036,0.3121363736777765,0.11822965574381127
23.923923923923926,0.7515267502886123,0.31115384205105684,0.11877894862972795
24.024024024024026,0.7512685989496689,0.31019136142911913,0.11932110016546514
24.124124124124126,0.7510137861508829,0.30924853910312544,0.11985611880968129
24.224224224224226,0.7507623068666182,0.3083249884419493,0.12038402401432897
24.324324324324326,0.7505141555978503,0.30742033424018833,0.1209048355013193
24.424424424424426,0.7502693260700378,0.30653420769880463,0.12141857528448667
24.524524524524526,0.7500278112331229,0.3056662464251243,0.1219252675793376
24.624624624624627,0.7497896032615308,0.30481609443283775,0.12242493871181005
24.724724724724727,0.7495546935541697,0.3039834021419996,0.12291761702618968
24.824824824824827,0.7493230727344318,0.30316782637902867,0.12340333279232259
24.924924924924927,0.7490947306501916,0.30236903037670804,0.123882118112266
25.025025025025027,0.7488696563738075,0.30158668377418485,0.12435400682650745
25.125125125125127,0.7486478382021209,0.3008204626169707,0.12481903441988575
25.225225225225227,0.7484292636564566,0.3000700493569412,0.1252772379273382
25.325325325325327,0.7482139194826223,0.2993351328523363,0.12572865583959686
25.425425425425427,0.7480017916509093,0.2986154083677601,0.1261733280089508
25.525525525525527,0.7477928653560919,0.29791057757418093,0.12661129555518724
25.625625625625627,0.7475871250174277,0.29722034854893137,0.12704260077182045
25.725725725725727,0.7473845521634858,0.2965444286078423,0.1274672915213929
25.825825825825827,0.7471851180146563,0.2958825275642196,0.127885425070829
25.925925925925927,0.7469887911104417,0.29523436625931454,0.12829705910434586
26.026026026026027,0.7467955402480164,0.2945996703149117,0.12870225217239661
26.126126126126128,0.7466053344823003,0.29397817013162875,0.1291010636069556
26.226226226226228,0.7464181431259583,0.2933696008889164,0.1294935534367022
26.326326326326328,0.7462339357494012,0.2927737025450584,0.1298797823028337
26.426426426426428,0.746052682180785,0.29219021983717164,0.13025981137557996
26.526526526526528,0.7458743525060109,0.2916189022812059,0.13063370227148668
26.626626626626628,0.7456989170687258,0.2910595041719442,0.131001516971529
26.726726726726728,0.7455263464703219,0.29051178458300253,0.13136331774011784
26.826826826826828,0.7453566115699368,0.2899755073668298,0.13171916704505104
26.926926926926928,0.7451896834844536,0.2894504411547083,0.1320691274784636
27.027027027027028,0.7450255335885007,0.288936359356753,0.13241326167882428
27.127127127127128,0.7448641335144519,0.2884330401619122,0.13275163225402192
27.227227227227228,0.7447054551524265,0.28794026653796706,0.13308430170558483
27.32732732732733,0.7445494706502891,0.287457826231532,0.13341133235406738
27.42742742742743,0.7443961524136498,0.28698551176805426,0.13373278626564145
27.52752752752753,0.7442454729771072,0.2865231200895454,0.13404872543547086
27.62762762762763,0.7440973986606557,0.28607044195086506,0.1343592210735976
27.72772772772773,0.7439518909363698,0.28562727685104117,0.134664345896835
27.82782782782783,0.7438089124891014,0.2851934325021612,0.1349641699136368
27.92792792792793,0.7436684265880003,0.2847687198536349,0.13525876304623746
28.02802802802803,0.7435303970865148,0.2843529530921935,0.13554819507208404
28.12812812812813,0.7433947884223918,0.2839459496418903,0.13583253556622882
28.22822822822823,0.7432615656176763,0.28354753016410045,0.13611185384470226
28.32832832832833,0.7431306942787117,0.28315751855752086,0.13638621890888392
28.42842842842843,0.7430021405961399,0.28277574195817035,0.136655699390887
28.52852852852853,0.7428758713449011,0.2824020307393897,0.1369203634999691
28.62862862862863,0.7427518538842337,0.28203621851184135,0.13718027896998208
28.72872872872873,0.7426300561576749,0.2816781421235098,0.13743551300786838
28.82882882882883,0.7425104466930598,0.2813276416597012,0.13768613224321252
28.92892892892893,0.7423929946025221,0.28098456044304376,0.1379322026788532
29.02902902902903,0.7422776695824939,0.2806487450334874,0.1381737896425589
29.12912912912913,0.7421644419137055,0.28032004522830406,0.13841095773977047
29.22922922922923,0.7420532824611856,0.2799983140620873,0.13864377080741075
29.32932932932933,0.7419441626742616,0.27968340780675277,0.13887229186875977
29.42942942942943,0.7418370545865588,0.2793751859715378,0.13909658308939438
29.52952952952953,0.7417319308160011,0.2790735113030018,0.1393167057341882
29.62962962962963,0.7416287645648107,0.27877824978502574,0.13953272012536644
29.72972972972973,0.7415275269149468,0.2784892673541254,0.13974468915361266
29.82982982982983,0.7414281804273952,0.2782064261100932,0.13995268477504041
29.929929929929934,0.7413306925373914,0.2779296003115102,0.140156770521757
30.030030030030034,0.7412350317098749,0.27765866701947767,0.14035700872521534
30.130130130130134,0.7411411669335909,0.27739350532291546,0.14055346122440376
30.230230230230234,0.7410490677210888,0.27713399633856173,0.1407461893349431
30.330330330330334,0.7409587041087233,0.2768800232109729,0.14093525381888627
30.430430430430434,0.7408700466566539,0.2766314711125238,0.14112071485522004
30.530530530530534,0.740783066448845,0.27638822724340767,0.1413026320110642
30.630630630630634,0.7406977350930659,0.276150180831636,0.14148106421356554
30.730730730730734,0.7406140247208911,0.2759172231330386,0.14165606972248096
30.830830830830834,0.7405319079876995,0.27568924743126383,0.14182770610344514
30.930930930930934,0.7404513580726755,0.27546614903777816,0.14199603020191653
31.031031031031034,0.740372348678808,0.27524782529186653,0.14216109811779576
31.131131131131134,0.740294854032891,0.27503417556063214,0.14232296518070858
31.231231231231234,0.7402188488855234,0.2748251012389967,0.142481685925946
31.331331331331334,0.7401443085111088,0.2746205057497002,0.1426373140710554
31.431431431431434,0.7400712087078563,0.2744202945433008,0.14278990249307028
31.531531531531535,0.7399995257977792,0.27422437509817527,0.14293950320637505
31.631631631631635,0.7399292366266963,0.2740326569205186,0.14308616734119045
31.731731731731735,0.739860318564231,0.27384505154434413,0.14322994512267473
31.831831831831835,0.7397927495038117,0.2736614725314835,0.1433708858506273
31.931931931931935,0.7397265078626717,0.2734818354715869,0.14350903787978686
32.032032032032035,0.739661571645428,0.2733060571177003,0.14364444972596674
32.132132132132135,0.7395979126385706,0.2731340516092608,0.14377717624775116
32.232232232232235,0.7395355064168787,0.27296574042840976,0.14390726625368516
32.332332332332335,0.7394743300287419,0.27280104752786277,0.14403476661155462
32.432432432432435,0.739414360895139,0.27263989808625644,0.14415972366921048
32.532532532532535,0.739355576809639,0.27248221850814863,0.1442821832406958
32.632632632632635,0.7392979559384004,0.2723279364240183,0.14440219059274195
32.732732732732735,0.7392414768201712,0.2721769806902656,0.14451979043163005
32.832832832832835,0.7391861183662891,0.2720292813892116,0.1446350268904099
32.932932932932935,0.739131859860682,0.2718847698290989,0.1447479435164738
33.033033033033036,0.7390786809598668,0.271743378544091,0.14485858325947848
33.133133133133136,0.7390265616929506,0.2716050412942725,0.14496698845960942
33.233233233233236,0.7389754824616298,0.2714696930656493,0.14507320083618153
33.333333333333336,0.7389254240401909,0.27133727007014835,0.14517726147657206
33.433433433433436,0.7388763675755099,0.27120770974561775,0.14527921082547757
33.533533533533536,0.7388282945870522,0.27108095075582683,0.14537908867449045
33.633633633633636,0.7387811869668734,0.27095693299046597,0.1454769341519878
33.733733733733736,0.7387350269796185,0.2708355975651467,0.14557278571332788
33.833833833833836,0.7386897972625222,0.27071688682140177,0.14566668113134612
33.933933933933936,0.7386454808254088,0.27060074432668496,0.14575865748714667
34.034034034034036,0.7386020610506927,0.2704871148743714,0.14584875116118073
34.134134134134136,0.7385595216933776,0.27037594448375707,0.14593699782460762
34.234234234234236,0.7385178468810568,0.2702671804000593,0.14602343243093074
34.334334334334336,0.7384770211139138,0.27016077109441655,0.14610808920790297
34.434434434434436,0.7384370281289518,0.27005666523474176,0.14619100302496263
34.53453453453454,0.7383978495679202,0.2699548118539547,0.14627221030264953
34.63463463463464,0.7383594696877872,0.26985516437151047,0.14635174342590057
34.73473473473474,0.7383218731448914,0.269757677105785,0.1464296341694819
34.83483483483484,0.7382850448416693,0.26966230509711653,0.1465059138971438
34.93493493493494,0.7382489699266562,0.2695690041078053,0.14658061355608787
35.03503503503504,0.7382136337944852,0.2694777306221142,0.14665376367159572
35.13513513513514,0.7381790220858876,0.26938844184626815,0.14672539434181453
35.23523523523524,0.7381451206876931,0.2693010957084544,0.14679553523269712
35.33533533533534,0.7381119157328297,0.2692156508588225,0.1468642155730941
35.43543543543544,0.7380793936003234,0.26913206666948425,0.14693146414999392
35.53553553553554,0.7380475409152986,0.26905030323451384,0.14699730930390836
35.63563563563564,0.7380163445489777,0.26897032136994753,0.14706177892440037
35.73573573573574,0.7379857916186816,0.268892082613784,0.14712490044575072
35.83583583583584,0.7379558694878293,0.2688155492259842,0.14718670084276075
35.93593593593594,0.737926565765938,0.26874068418847136,0.1472472066266885
36.03603603603604,0.7378978683086231,0.2686674512051309,0.14730644384131403
36.13613613613614,0.7378697652175985,0.26859581470181065,0.14736443805913213
36.23623623623624,0.7378422448406758,0.2685257398263206,0.14742121437766853
36.33633633633634,0.7378152957717654,0.2684571924484331,0.14747679741591685
36.43643643643644,0.7377889068508754,0.2683901391598827,0.14753121131089342
36.53653653653654,0.7377630671641126,0.26832454727436633,0.14758447971430694
36.63663663663664,0.7377377660436816,0.26826038482754305,0.14763662578934
36.73673673673674,0.7377129930678855,0.26819762057703433,0.1476876722075393
36.83683683683684,0.7376887380611257,0.26813622400242393,0.14773764114581206
36.93693693693694,0.7376649899713381,0.2680761643284831,0.1477865556343439
37.03703703703704,0.7376417377734669,0.26801741252430866,0.14783443784138567
37.13713713713714,0.7376189716975976,0.2679599416111723,0.14788130798404142
37.23723723723724,0.7375966821250098,0.267903725017582,0.1479271860069431
37.33733733733734,0.7375748595880616,0.26784873657914765,0.14797209158035585
37.43743743743744,0.7375534947701897,0.26779495053858127,0.14801604409818875
37.53753753753754,0.7375325785059096,0.26774234154569676,0.14805906267606572
37.63763763763764,0.7375121017808149,0.26769088465741026,0.14810116614945618
37.73773773773774,0.7374920557315784,0.2676405553377396,0.14814237307186245
37.83783783783784,0.7374724316459511,0.2675913294578049,0.14818270171306452
37.93793793793794,0.7374532209627627,0.2675431832958281,0.14822217005741983
38.03803803803804,0.7374344152719214,0.26749609353713316,0.14826079580221613
38.13813813813814,0.7374160063144142,0.2674500372741462,0.14829859635607845
38.23823823823824,0.7373979859823064,0.2674049920063951,0.14833558883742604
38.33833833833834,0.7373803463187423,0.26736093564051,0.1483717900729803
38.43843843843844,0.7373630795179443,0.2673178464902229,0.1484072165963211
38.53853853853854,0.7373461779252138,0.2672757032763678,0.14844188464649122
38.63863863863864,0.7373296340369305,0.26723448512688075,0.14847581016664657
38.73873873873874,0.737313440500553,0.26719417157679975,0.14850900880275214
38.83883883883884,0.7372975901146183,0.26715474256826494,0.14854149590232196
38.93893893893894,0.7372820758287417,0.2671161784505184,0.14857328651320173
39.03903903903904,0.7372668907436178,0.26707845997990404,0.14860439538239312
39.13913913913914,0.7372520281110191,0.267041568319868,0.1486348369549192
39.23923923923924,0.7372374813337972,0.2670054850409584,0.148664625372728
39.33933933933934,0.7372232439658819,0.26697019212082523,0.14869377447363652
39.43943943943944,0.7372093097122818,0.26693567194422063,0.14872229779030982
39.53953953953954,0.7371956721648252,0.2669019070595992,0.14875020887600193
39.63963963963964,0.7371823244638532,0.26686888045760243,0.1487775214145317
39.73973973973974,0.7371692607537088,0.2668365769307402,0.1488042474094871
39.83983983983984,0.7371564753442903,0.26680498158940774,0.1488303985905331
39.93993993993994,0.7371439626307678,0.2667740797598154,0.1488559865266439
40.04004004004004,0.7371317170935837,0.26674385698398834,0.14888102262545316
40.14014014014014,0.7371197332984528,0.2667142990197667,0.1489055181326252
40.24024024024024,0.7371080058963618,0.2666853918408056,0.14892948413124535
40.34034034034034,0.7370965296235695,0.26665712163657507,0.14895293154122907
40.44044044044044,0.7370852993016073,0.26662947481236,0.14897587111875016
40.54054054054054,0.7370743098372782,0.26660243798926037,0.14899831345568676
40.64064064064064,0.7370635562226576,0.26657599800419096,0.1490202689790855
40.74074074074074,0.7370530335350934,0.26655014190988163,0.14904174795064196
40.84084084084084,0.7370427369372051,0.266524856974877,0.14906276046619965
40.94094094094094,0.7370326616768847,0.2665001306835368,0.14908331645526357
41.04104104104104,0.7370228030872965,0.2664759507360355,0.1491034256805311
41.14114114114114,0.7370131565868765,0.2664523050483628,0.14912309773743815
41.24124124124124,0.7370037176793331,0.2664291817523231,0.14914234205372007
41.34134134134134,0.7369944819536471,0.26640656919553574,0.14916116788898814
41.44144144144144,0.7369854450840713,0.26638445594143517,0.14917958433431955
41.54154154154154,0.7369766028301303,0.26636283076927064,0.14919760031186252
41.64164164164164,0.7369679510366215,0.2663416826741063,0.14921522457445396
41.74174174174174,0.7369594856336141,0.2663210008668214,0.14923246570525078
41.84184184184184,0.7369512026364494,0.26630077477411007,0.14924933211737468
41.94194194194194,0.7369430981457411,0.2662809940384813,0.14926583205356825
42.04204204204204,0.7369351683473749,0.26626164851825906,0.14928197358586442
42.14214214214214,0.7369274095125088,0.2662427282875823,0.14929776461526695
42.24224224224224,0.7369198179975727,0.26622422363640474,0.14931321287144256
42.34234234234234,0.7369123902380158,0.2662061250643927,0.1493283259203606
42.44244244244244,0.736905122374246,0.26618842310949004,0.14934311153729907
42.54254254254254,0.7368980109387944,0.26617110939662464,0.1493575766361967
42.64264264264264,0.7368910528059641,0.26615417606480796,0.14937172760758138
42.74274274274275,0.7368842448936173,0.2661376153582559,0.14938557075858866
42.84284284284285,0.7368775841631744,0.2661214196263888,0.14939911231277647
42.94294294294295,0.7368710676196145,0.26610558132383105,0.1494123584099446
43.04304304304305,0.7368646923114758,0.26609009301041175,0.14942531510595936
43.14314314314315,0.7368584553308545,0.26607494735116405,0.14943798837258487
43.24324324324325,0.7368523538134059,0.26606013711632553,0.14945038409731864
43.34334334334335,0.7368463849383438,0.26604565518133827,0.14946250808323208
43.44344344344345,0.7368405459284404,0.2660314945268485,0.14947436604881775
43.54354354354355,0.736834834050027,0.26601764823870677,0.14948596362783895
43.64364364364365,0.7368292466129933,0.26600410950796827,0.14949730636918623
43.74374374374375,0.7368237809707876,0.26599087163089213,0.14950839973673768
43.84384384384385,0.7368184345204168,0.2659779280089422,0.14951924910922365
43.94394394394395,0.7368132047024467,0.2659652721487864,0.14952985978009653
44.04404404404405,0.7368080890010016,0.2659528976622971,0.14954023695740376
44.14414414414415,0.7368030849437642,0.2659407982665511,0.14955038576366664
44.24424424424425,0.7367981901019763,0.2659289677838294,0.14956031123576147
44.34434434434435,0.7367934020904381,0.26591740014161735,0.14957001832480643
44.44444444444445,0.7367887185675084,0.26590608937260485,0.1495795118960505
44.54454454454455,0.7367841372351045,0.2658950296146858,0.14958879672876818
44.64464464464465,0.7367796558387029,0.26588421511095883,0.14959787751615583
44.74474474474475,0.7367752721673381,0.2658736402097266,0.14960675886523334
44.84484484484485,0.7367709840536035,0.2658632993644963,0.14961544529674803
44.94494494494495,0.7367667893736515,0.2658531871339794,0.14962394124508277
45.04504504504505,0.7367626860471924,0.2658432981820917,0.14963225105816674
45.14514514514515,0.7367586720374959,0.26583362727795334,0.1496403789973897
45.24524524524525,0.7367547453513897,0.2658241692958889,0.14964832923751947
45.34534534534535,0.7367509040392607,0.2658149192154272,0.14965610586662198
45.44544544544545,0.736747146195054,0.2658058721213015,0.14966371288598457
45.54554554554555,0.7367434698619036,0.26579702319903464,0.1496711542839399
45.64564564564565,0.7367398731583095,0.2657883681838443,0.14967843370402645
45.74574574574575,0.7367363545153415,0.26577990325298817,0.14968555432153674
45.84584584584585,0.7367329123902225,0.26577162463464626,0.14969251926633725
45.94594594594595,0.736729545259756,0.26576352860260527,0.1496993316306039
46.04604604604605,0.7367262516203258,0.26575561147625826,0.14970599446877791
46.14614614614615,0.7367230299878966,0.2657478696206047,0.14971251079752407
46.24624624624625,0.7367198788980137,0.26574029944625044,0.14971888359568936
46.34634634634635,0.7367167969058027,0.2657328974094079,0.14972511580426323
46.44644644644645,0.7367137825859702,0.2657256600118959,0.14973121032633901
46.54654654654655,0.736710834532803,0.2657185838011396,0.14973717002707687
46.64664664664665,0.7367079513601688,0.2657116653701707,0.14974299773366684
46.74674674674675,0.7367051317015156,0.2657049013576273,0.14974869623529447
46.84684684684685,0.7367023742098725,0.2656982884477539,0.14975426828310628
46.94694694694695,0.7366996775578487,0.26569182337040154,0.149759716590177
47.04704704704705,0.7366970404376342,0.26568550290102755,0.14976504383147798
47.14714714714715,0.7366944615609996,0.2656793238606958,0.14977025264384553
47.24724724724725,0.7366919396592961,0.2656732831160766,0.1497753456259519
47.34734734734735,0.7366894734834556,0.2656673775794466,0.14978032533827595
47.44744744744745,0.7366870618039902,0.265661604208689,0.14978519430307535
47.54754754754755,0.7366847034109931,0.26565596000729347,0.1497899550043592
47.64764764764765,0.7366823971141379,0.2656504420243559,0.14979460988786258
47.74774774774775,0.7366801417426786,0.2656450473545788,0.14979916136102062
47.84784784784785,0.7366779361454501,0.26563977313827103,0.14980361179294466
47.94794794794795,0.7366757791908678,0.265634616561348,0.14980796351439818
48.04804804804805,0.7366736697669276,0.2656295748553314,0.14981221881777457
48.14814814814815,0.7366716067812062,0.2656246452973495,0.14981637995707464
48.24824824824825,0.7366695891608607,0.26561982521013694,0.149820449147886
48.34834834834835,0.7366676158526289,0.2656151119620348,0.14982442856736206
48.44844844844845,0.736665685822829,0.2656105029669905,0.1498283203542028
48.54854854854855,0.7366637980573603,0.2656059956845581,0.1498321266086351
48.64864864864865,0.7366619515617021,0.265601587619898,0.14983584939239525
48.74874874874875,0.7366601453609147,0.2655972763237769,0.1498394907287106
48.84884884884885,0.7366583784996389,0.26559305939256816,0.14984305260228264
48.94894894894895,0.7366566500420959,0.26558893446825144,0.1498465369592708
49.04904904904905,0.7366549590516038,0.2655848993487159,0.14984994566472032
49.14914914914915,0.73665330471886,0.2655809522788144,0.14985328025186928
49.24924924924925,0.7366516863509689,0.2655770916018391,0.149856542114019
49.34934934934935,0.7366501032628948,0.2655733156772606,0.14985973263022617
49.44944944944945,0.7366485547769221,0.26556962288105374,0.1498628531655321
49.54954954954955,0.7366470402226553,0.2655660116056976,0.1498659050709546
49.64964964964965,0.7366455589370186,0.26556248026017565,0.1498688896834794
49.74974974974975,0.7366441102642566,0.2655590272699756,0.14987180832605218
49.84984984984985,0.7366426935559336,0.26555565107708945,0.14987466230757157
49.94994994994995,0.7366413081709341,0.2655523501400135,0.14987745292288074
50.050050050050054,0.7366399534754626,0.2655491229337483,0.14988018145276033
50.150150150150154,0.7366386288430434,0.2655459679497988,0.14988284916392186
50.250250250250254,0.7366373336545212,0.2655428836961741,0.1498854573090001
50.350350350350354,0.7366360672980603,0.2655398686973877,0.14988800712654698
50.450450450450454,0.7366348291691451,0.26553692149445735,0.14989049984102493
50.550550550550554,0.7366336186705804,0.265534040644905,0.1498929366628003
50.650650650650654,0.7366324352124904,0.265531224722757,0.14989531878813772
50.750750750750754,0.7366312782123199,0.265528472318544,0.14989764739919398
50.850850850850854,0.7366301470948332,0.26552578203930083,0.14989992366401217
50.950950950950954,0.7366290412921149,0.26552315250856673,0.14990214873651636
51.051051051051054,0.7366279602435697,0.26552058236638515,0.14990432375650609
51.151151151151154,0.736626903395922,0.26551807026930385,0.1499064498496513
51.251251251251254,0.7366258702032163,0.2655156148903749,0.14990852812748706
51.351351351351354,0.7366248601268174,0.26551321491915464,0.1499105596874089
51.451451451451454,0.7366238726354097,0.26551086906170374,0.14991254561266792
51.551551551551555,0.7366229072049979,0.26550857604058703,0.14991448697236648
51.651651651651655,0.7366219633189066,0.26550633459487377,0.1499163848214533
51.751751751751755,0.7366210404677804,0.26550414348013746,0.14991824020071992
51.851851851851855,0.736620138149584,0.2655020014684559,0.14992005413679582
51.951951951951955,0.7366192558696021,0.2654999073484111,0.14992182764214484
52.052052052052055,0.7366183931404391,0.2654978599250895,0.1499235617150615
52.152152152152155,0.7366175494820199,0.26549585802008174,0.14992525733966666
52.252252252252255,0.736616724421589,0.26549390047148275,0.1499269154859046
52.352352352352355,0.7366159174937111,0.26549198613389174,0.14992853710953918
52.452452452452455,0.7366151282402712,0.26549011387841226,0.14993012315215049
52.552552552552555,0.7366143562104737,0.2654882825926521,0.14993167454113182
52.652652652652655,0.7366136009608433,0.26548649118072337,0.14993319218968654
52.752752752752755,0.7366128620552248,0.26548473856324245,0.1499346769968249
52.852852852852855,0.7366121390647831,0.26548302367733007,0.14993612984736104
52.952952952952955,0.7366114315724568,0.2654813455023179,0.1499375515949778
53.053053053053056,0.7366107392546302,0.2654797033888968,0.14993894282670311
53.153153153153156,0.736610061849718,0.2654780967553949,0.1499403040468617
53.253253253253256,0.7366093990962208,0.2654765249852125,0.1499416357781655
53.353353353353356,0.7366087507345921,0.26547498746594583,0.14994293853967006
53.453453453453456,0.7366081165072383,0.2654734835893871,0.14994421284677345
53.553553553553556,0.7366074961585193,0.2654720127515245,0.14994545921121455
53.653653653653656,0.7366068894347474,0.265470574352542,0.1499466781410726
53.753753753753756,0.7366062960841886,0.2654691677968197,0.14994787014076522
53.853853853853856,0.7366057158570614,0.26546779249293356,0.149949035711048
53.953953953953956,0.7366051485055376,0.2654664478536554,0.14995017534901312
54.054054054054056,0.736604593783742,0.2654651332959531,0.14995128954808823
54.154154154154156,0.7366040514477524,0.26546384824099045,0.1499523787980353
54.254254254254256,0.7366035212555999,0.2654625921141271,0.14995344358495
54.354354354354356,0.7366030029672681,0.26546136434491874,0.14995448439126036
54.454454454454456,0.7366024963446942,0.2654601643671169,0.14995550169572602
54.55455455455456,0.736602001151768,0.2654589916186691,0.1499564959734372
54.65465465465466,0.7366015171543326,0.26545784554171886,0.14995746769581364
54.75475475475476,0.7366010441201842,0.2654567255826055,0.1499584173306041
54.85485485485486,0.7366005818190717,0.26545563119186444,0.14995934534188504
54.95495495495496,0.7366001300226974,0.2654545618242269,0.1499602521900602
55.05505505505506,0.7365996885047165,0.26545351693862007,0.14996113833185942
55.15515515515516,0.736599257040737,0.2654524959981671,0.14996200422033829
55.25525525525526,0.7365988354083205,0.2654514984701871,0.14996285030487672
55.35535535535536,0.7365984233869811,0.2654505238261951,0.14996367703117885
55.45545545545546,0.7365980207581863,0.2654495715419021,0.14996448484127212
55.55555555555556,0.7365976273053563,0.26544864109721483,0.1499652741735063
55.65565565565566,0.7365972428138645,0.26544773197623633,0.1499660454625532
55.75575575575576,0.7365968670710377,0.26544684366726523,0.14996679913940564
55.85585585585586,0.736596499866155,0.2654459756627964,0.1499675356313771
55.95595595595596,0.7365961409904492,0.26544512745952026,0.149968255362101
56.05605605605606,0.7365957902371058,0.2654442985583236,0.1499689587515301
56.15615615615616,0.7365954474012634,0.2654434884642889,0.14996964621593573
56.25625625625626,0.7365951122800137,0.26544269668669457,0.1499703181679075
56.35635635635636,0.7365947846724015,0.265441922739015,0.14997097501635276
56.45645645645646,0.7365944643794243,0.26544116613892066,0.14997161716649582
56.55655655655656,0.736594151204033,0.2654404264082777,0.1499722450198776
56.65665665665666,0.7365938449511316,0.2654397030731484,0.14997285897435508
56.75675675675676,0.7365935454275767,0.26543899566379087,0.14997345942410095
56.85685685685686,0.7365932524421783,0.26543830371465926,0.14997404675960296
56.95695695695696,0.7365929658056993,0.2654376267644035,0.14997462136766365
57.05705705705706,0.7365926853308558,0.2654369643558697,0.14997518363139972
57.15715715715716,0.7365924108323166,0.2654363160360997,0.14997573393024183
57.25725725725726,0.736592142126704,0.26543568135633133,0.14997627263993402
57.35735735735736,0.7365918790325929,0.2654350598719984,0.14997680013253356
57.45745745745746,0.7365916213705116,0.26543445114273057,0.1499773167764103
57.55755755755756,0.7365913690165439,0.2654338548968952,0.14997782280877575
57.65765765765766,0.7365911219445167,0.2654332711335127,0.14997831824990365
57.75775775775776,0.7365908800781836,0.26543269967640754,0.1499788032504813
57.85785785785786,0.7365906433400401,0.26543214034511514,0.14997927796441746
57.95795795795796,0.7365904116526911,0.26543159295927415,0.14997974254548768
58.05805805805806,0.7365901849388515,0.2654310573386262,0.14998019714733402
58.15815815815816,0.7365899631213461,0.265430533303016,0.14998064192346483
58.25825825825826,0.736589746123109,0.26543002067239113,0.14998107702725488
58.35835835835836,0.7365895338671846,0.2654295192668023,0.1499815026119452
58.45845845845846,0.7365893262767267,0.2654290289064032,0.14998191883064277
58.55855855855856,0.7365891232749991,0.2654285494114505,0.1499823258363206
58.65865865865866,0.7365889247853753,0.26542808060230405,0.14998272378181776
58.75875875875876,0.7365887307313383,0.26542762229942646,0.149983112819839
58.85885885885886,0.7365885410364813,0.2654271743233836,0.14998349310295478
58.95895895895896,0.7365883556245071,0.26542673649484416,0.14998386478360104
59.05905905905906,0.736588174419228,0.26542630863458005,0.1499842280140795
59.15915915915916,0.7365879973445664,0.265425890563466,0.1499845829465572
59.25925925925926,0.7365878243245544,0.2654254821024799,0.14998492973306632
59.35935935935936,0.7365876552833338,0.26542508307270263,0.14998526852550442
59.45945945945946,0.7365874901451561,0.26542469329531804,0.14998559947563433
59.55955955955956,0.7365873288343828,0.265424312591613,0.14998592273508377
59.65965965965966,0.736587171275485,0.2654239407829774,0.14998623845534542
59.75975975975976,0.7365870173930434,0.2654235776909042,0.14998654678777706
59.85985985985987,0.7365868671117489,0.2654232231369894,0.149986847883601
59.95995995995997,0.7365867203564017,0.2654228769429319,0.1499871418939046
60.06006006006007,0.7365865770519121,0.2654225389305337,0.14998742896963962
60.16016016016017,0.7365864371233001,0.26542220892169976,0.14998770926162253
60.26026026026027,0.7365863004956952,0.2654218867384382,0.1499879829205344
60.36036036036037,0.736586167094337,0.26542157220286,0.14998825009692035
60.46046046046047,0.7365860368445748,0.2654212651371792,0.14998851094119042
60.56056056056057,0.7365859096718675,0.26542096536371285,0.1499887656036184
60.66066066066067,0.736585785501784,0.2654206727048811,0.14998901423434285
60.76076076076077,0.7365856642600027,0.2654203869832071,0.14998925698336601
60.86086086086087,0.7365855458723121,0.2654201080213168,0.1499894940005545
60.96096096096097,0.73658543026461,0.26541983564193955,0.14998972543563888
61.06106106106107,0.7365853173629044,0.26541956966790736,0.1499899514382138
61.16116116116117,0.7365852070933129,0.2654193099221555,0.14999017215773774
61.26126126126127,0.7365850993820628,0.26541905622772216,0.14999038774353285
61.36136136136137,0.7365849941554914,0.2654188084077485,0.14999059834478545
61.46146146146147,0.7365848913400455,0.26541856628547883,0.14999080411054533
61.56156156156157,0.7365847908622816,0.2654183296842603,0.14999100518972625
61.66166166166167,0.7365846926488663,0.26541809842754327,0.1499912017311053
61.76176176176177,0.7365845966265758,0.26541787233888103,0.14999139388332333
61.86186186186187,0.736584502722296,0.26541765124192984,0.1499915817948848
61.96196196196197,0.7365844108630227,0.26541743496044906,0.1499917656141575
62.06206206206207,0.7365843209758614,0.26541722331830103,0.1499919454893729
62.16216216216217,0.7365842329880272,0.26541701613945107,0.14999212156862562
62.26226226226227,0.7365841468268453,0.26541681324796756,0.14999229399987407
62.36236236236237,0.7365840624197503,0.265416614468022,0.14999246293093943
62.46246246246247,0.7365839796942869,0.2654164196238887,0.14999262850950668
62.56256256256257,0.7365838985781095,0.26541622853994506,0.14999279088312367
62.66266266266267,0.736583818998982,0.2654160410406716,0.14999295019920184
62.76276276276277,0.7365837408847783,0.26541585695065184,0.14999310660501564
62.86286286286287,0.7365836641680005,0.2654156761065711,0.14999326023794313
62.96296296296297,0.7365835888982905,0.2654154986532968,0.14999341098387448
63.06306306306307,0.7365835151019506,0.2654153246668103,0.1499935587827539
63.16316316316317,0.7365834427658082,0.265415154117271,0.14999370366031306
63.26326326326327,0.736583371876437,0.2654149869741935,0.14999384564281654
63.36336336336337,0.7365833024201573,0.26541482320644716,0.14999398475706172
63.46346346346347,0.7365832343830363,0.26541466278225634,0.1499941210303789
63.56356356356357,0.7365831677508877,0.2654145056692004,0.14999425449063125
63.66366366366367,0.7365831025092721,0.2654143518342136,0.14999438516621455
63.76376376376377,0.7365830386434963,0.2654142012435853,0.14999451308605788
63.86386386386387,0.7365829761386141,0.26541405386295963,0.14999463827962278
63.96396396396397,0.7365829149794262,0.2654139096573359,0.1499947607769036
64.06406406406407,0.7365828551504793,0.26541376859106824,0.14999488060842786
64.16416416416416,0.7365827966360673,0.2654136306278657,0.14999499780525555
64.26426426426427,0.7365827394202306,0.2654134957307925,0.14999511239897984
64.36436436436436,0.7365826834867562,0.2654133638622675,0.14999522442172636
64.46446446446447,0.7365826288191778,0.2654132349840649,0.14999533390615383
64.56456456456456,0.7365825754007758,0.2654131090573135,0.1499954408854537
64.66466466466467,0.7365825232145773,0.26541298604249747,0.14999554539335014
64.76476476476476,0.7365824722433558,0.2654128658994555,0.14999564746410032
64.86486486486487,0.7365824224696319,0.26541274858738156,0.14999574713249403
64.96496496496496,0.7365823738756725,0.2654126340648244,0.149995844433854
65.06506506506507,0.7365823264434913,0.2654125222896879,0.14999593940403572
65.16516516516516,0.7365822801548486,0.2654124132192308,0.14999603207942735
65.26526526526527,0.7365822349912514,0.2654123068100668,0.1499961224969501
65.36536536536536,0.7365821909339535,0.26541220301816454,0.1499962106940576
65.46546546546547,0.736582147963955,0.26541210179884767,0.1499962967087367
65.56556556556556,0.7365821060620031,0.26541200310679486,0.14999638057950665
65.66566566566567,0.7365820652085914,0.26541190689603966,0.14999646234541958
65.76576576576576,0.7365820253839601,0.2654118131199706,0.1499965420460605
65.86586586586587,0.7365819865680964,0.26541172173133115,0.1499966197215471
65.96596596596596,0.7365819487407336,0.26541163268221973,0.1499966954125299
66.06606606606607,0.7365819118813522,0.2654115459240899,0.149996769160192
66.16616616616616,0.7365818759691792,0.2654114614077499,0.14999684100624944
66.26626626626627,0.7365818409831882,0.26541137908336315,0.14999691099295087
66.36636636636636,0.7365818069020995,0.265411298900448,0.14999697916307775
66.46646646646647,0.7365817737043798,0.2654112208078776,0.14999704555994442
66.56656656656656,0.7365817413682431,0.26541114475388033,0.1499971102273976
66.66666666666667,0.7365817098716493,0.2654110706860393,0.14999717320981704
66.76676676676676,0.7365816791923055,0.2654109985512927,0.1499972345521151
66.86686686686687,0.7365816493076653,0.2654109282959336,0.1499972942997369
66.96696696696696,0.736581620194929,0.2654108598656102,0.1499973524986603
67.06706706706707,0.7365815918310433,0.2654107932053255,0.14999740919539578
67.16716716716716,0.736581564192702,0.2654107282594375,0.14999746443698653
67.26726726726727,0.7365815372563452,0.26541066497165916,0.1499975182710087
67.36736736736736,0.7365815109981598,0.2654106032850585,0.1499975707455708
67.46746746746747,0.7365814853940795,0.26541054314205836,0.1499976219093141
67.56756756756756,0.7365814604197843,0.2654104844844366,0.14999767181141288
67.66766766766767,0.7365814360507014,0.26541042725332614,0.14999772050157362
67.76776776776777,0.736581412262004,0.2654103713892147,0.14999776803003595
67.86786786786787,0.7365813890286125,0.265410316831945,0.14999781444757188
67.96796796796797,0.7365813663251937,0.26541026352071484,0.1499978598054862
68.06806806806807,0.736581344126161,0.2654102113940769,0.14999790415561648
68.16816816816817,0.7365813224056749,0.26541016038993875,0.1499979475503328
68.26826826826827,0.736581301137642,0.2654101104455631,0.14999799004253794
68.36836836836838,0.7365812802957159,0.26541006149756746,0.14999803168566744
68.46846846846847,0.7365812598532968,0.2654100134819244,0.14999807253368952
68.56856856856858,0.7365812397835315,0.26540996633396136,0.14999811264110485
68.66866866866867,0.7365812200593135,0.26540991998836083,0.1499981520629471
68.76876876876878,0.7365812006532829,0.2654098743791603,0.14999819085478228
68.86886886886887,0.7365811815378267,0.26540982943975205,0.1499982290727092
68.96896896896898,0.7365811626850782,0.26540978510288354,0.14999826677335942
69.06906906906907,0.7365811440669175,0.26540974130065703,0.14999830401389708
69.16916916916918,0.7365811256549717,0.2654096979645298,0.14999834085201874
69.26926926926927,0.7365811074206139,0.26540965502531405,0.14999837734595417
69.36936936936938,0.7365810893514735,0.2654096124541122,0.14999841352033833
69.46946946946947,0.7365810715409449,0.2654095704837374,0.14999844918145722
69.56956956956958,0.7365810540105323,0.2654095291678854,0.14999848428466
69.66966966966967,0.7365810367623509,0.2654094885121108,0.14999851882541038
69.76976976976978,0.7365810197983378,0.26540944852153386,0.14999855279953633
69.86986986986987,0.7365810031202537,0.2654094092008402,0.1499985862032292
69.96996996996998,0.7365809867296813,0.2654093705542808,0.14999861903304446
70.07007007007007,0.7365809706280266,0.26540933258567234,0.14999865128590095
70.17017017017018,0.7365809548165184,0.26540929529839663,0.14999868295908164
70.27027027027027,0.7365809392962079,0.2654092586954012,0.14999871405023313
70.37037037037038,0.7365809240679694,0.2654092227791989,0.1499987445573659
70.47047047047047,0.7365809091324999,0.265409187551868,0.14999877447885396
70.57057057057058,0.7365808944903189,0.26540915301505236,0.1499988038134354
70.67067067067067,0.7365808801417693,0.2654091191699612,0.1499988325602118
70.77077077077078,0.7365808660870161,0.2654090860173692,0.14999886071864876
70.87087087087087,0.7365808523260475,0.2654090535576164,0.1499988882885756
70.97097097097098,0.7365808388586743,0.2654090217906085,0.14999891527018533
71.07107107107107,0.7365808256845303,0.26540899071581653,0.14999894166403477
71.17117117117118,0.7365808128030716,0.2654089603322769,0.1499989674710447
71.27127127127127,0.7365808002135777,0.2654089306385916,0.14999899269249933
71.37137137137138,0.7365807879151505,0.2654089016329281,0.1499990173300469
71.47147147147147,0.7365807759067146,0.2654088733130191,0.14999904138569947
71.57157157157158,0.7365807641870175,0.26540884567616296,0.1499990648618328
71.67167167167167,0.7365807527546296,0.2654088187192234,0.14999908776118626
71.77177177177178,0.7365807416079442,0.2654087924386297,0.14999911008686323
71.87187187187187,0.7365807307451767,0.2654087668303764,0.14999913184233088
71.97197197197198,0.7365807201643662,0.2654087418900236,0.14999915303142003
72.07207207207207,0.7365807098633737,0.26540871761269696,0.14999917365832538
72.17217217217218,0.7365806998398835,0.2654086939930874,0.14999919372760534
72.27227227227228,0.7365806900914028,0.26540867102545146,0.14999921324418203
72.37237237237238,0.736580680615261,0.2654086487036109,0.14999923221334172
72.47247247247248,0.7365806714086109,0.2654086270209532,0.149999250640734
72.57257257257258,0.7365806624684277,0.26540860597043114,0.1499992685323724
72.67267267267268,0.7365806537915094,0.2654085855445629,0.14999928589463446
72.77277277277278,0.7365806453744769,0.2654085657354323,0.1499993027342612
72.87287287287288,0.7365806372137739,0.2654085465346885,0.1499993190583575
72.97297297297298,0.7365806293056667,0.265408527933546,0.14999933487439215
73.07307307307308,0.7365806216462445,0.26540850992278503,0.14999935019019767
73.17317317317318,0.7365806142314194,0.26540849249275095,0.14999936501397015
73.27327327327328,0.736580607056926,0.2654084756333548,0.14999937935426988
73.37337337337338,0.7365806001183218,0.265408459334073,0.14999939322002048
73.47347347347348,0.7365805934109871,0.26540844358394744,0.1499994066205097
73.57357357357358,0.7365805869301252,0.2654084283715854,0.14999941956538887
73.67367367367368,0.7365805806707617,0.26540841368515966,0.1499994320646732
73.77377377377378,0.7365805746277453,0.26540839951240847,0.1499994441287416
73.87387387387388,0.7365805687957474,0.26540838584063553,0.14999945576833684
73.97397397397398,0.7365805631692621,0.2654083726567099,0.1499994669945655
74.07407407407408,0.7365805577426067,0.26540835994706624,0.14999947781889772
74.17417417417418,0.7365805525099205,0.2654083476977045,0.14999948825316778
74.27427427427428,0.7365805474651662,0.2654083358941902,0.1499994983095735
74.37437437437438,0.7365805426021292,0.2654083245216543,0.14999950800067635
74.47447447447448,0.7365805379144175,0.2654083135647931,0.14999951733940203
74.57457457457458,0.7365805333954618,0.26540830300786855,0.14999952633903957
74.67467467467468,0.7365805290385159,0.2654082928347079,0.14999953501324198
74.77477477477478,0.7365805248366563,0.26540828302870384,0.14999954337602595
74.87487487487488,0.7365805207827818,0.26540827357281466,0.1499995514417723
74.97497497497498,0.7365805168696148,0.2654082644495639,0.14999955922522495
75.07507507507508,0.7365805130896997,0.2654082556410407,0.14999956674149234
75.17517517517518,0.7365805094354042,0.2654082471288996,0.14999957400604624
75.27527527527528,0.7365805058989185,0.2654082388943606,0.14999958103472238
75.37537537537538,0.7365805024722558,0.26540823091820914,0.14999958784372003
75.47547547547548,0.7365804991472519,0.26540822318079615,0.14999959444960254
75.57557557557558,0.7365804959155653,0.265408215662038,0.1499996008692968
75.67567567567568,0.7365804927686774,0.2654082083414164,0.14999960712009375
75.77577577577578,0.7365804896978927,0.26540820119797864,0.14999961321964778
75.87587587587588,0.7365804866943377,0.2654081942103375,0.14999961918597732
75.97597597597598,0.7365804837489626,0.26540818735667104,0.14999962503746445
76.07607607607608,0.7365804808525395,0.26540818061472293,0.1499996307928551
76.17617617617618,0.736580477995664,0.2654081739618022,0.1499996364712588
76.27627627627628,0.7365804751687539,0.2654081673747834,0.1499996420921491
76.37637637637638,0.7365804723620503,0.2654081608301065,0.14999964767536322
76.47647647647648,0.7365804695656166,0.2654081543037768,0.14999965324110215
76.57657657657658,0.7365804667693394,0.2654081477713653,0.1499996588099306
76.67667667667668,0.7365804639629278,0.26540814120800826,0.14999966440277723
76.77677677677679,0.7365804611359137,0.26540813458840745,0.14999967004093429
76.87687687687688,0.7365804582776518,0.2654081278868301,0.14999967574605794
76.97697697697699,0.7365804553773198,0.26540812107710887,0.14999968154016807
77.07707707707708,0.7365804524239179,0.26540811413264187,0.14999968744564818
77.17717717717719,0.7365804494062691,0.2654081070263927,0.14999969348524594
77.27727727727728,0.7365804463130192,0.2654080997308904,0.1499996996820725
77.37737737737739,0.736580443132637,0.2654080922182295,0.14999970605960272
77.47747747747748,0.7365804398728955,0.26540808450642567,0.14999971260243206
77.57757757757759,0.7365804366142716,0.26540807678697254,0.14999971914844795
77.67767767767768,0.7365804333692164,0.26540806909014114,0.14999972567222958
77.77777777777779,0.7365804301402854,0.2654080614226773,0.14999973216827822
77.87787787787788,0.7365804269299661,0.2654080537911498,0.1499997386312404
77.97797797797799,0.7365804237406776,0.26540804620195024,0.14999974505590769
78.07807807807808,0.7365804205747707,0.2654080386612933,0.14999975143721728
78.17817817817819,0.7365804174345283,0.26540803117521655,0.1499997577702511
78.27827827827828,0.7365804143221648,0.2654080237495805,0.14999976405023652
78.37837837837839,0.7365804112398264,0.26540801639006856,0.14999977027254602
78.47847847847848,0.7365804081895913,0.2654080091021872,0.1499997764326973
78.57857857857859,0.736580405173469,0.2654080018912656,0.14999978252635338
78.67867867867868,0.7365804021934012,0.26540799476245625,0.14999978854932233
78.77877877877879,0.7365803992512612,0.2654079877207342,0.14999979449755735
78.87887887887888,0.7365803963488541,0.2654079807708977,0.14999980036715704
78.97897897897899,0.7365803934879168,0.2654079739175678,0.1499998061543651
79.07907907907908,0.7365803906701179,0.26540796716518855,0.14999981185557043
79.17917917917919,0.7365803878970578,0.26540796051802695,0.14999981746730712
79.27927927927928,0.7365803851702688,0.2654079539801729,0.14999982298625436
79.37937937937939,0.7365803824912147,0.2654079475555393,0.1499998284092368
79.47947947947948,0.7365803798612912,0.26540794124786193,0.14999983373322417
79.57957957957959,0.7365803772818259,0.2654079350606996,0.1499998389553312
79.67967967967968,0.7365803747540781,0.26540792899743393,0.14999984407281802
79.77977977977979,0.7365803722792387,0.2654079230612696,0.14999984908309005
79.87987987987988,0.7365803698584306,0.2654079172552341,0.1499998539836977
79.97997997997999,0.7365803674927083,0.2654079115821781,0.14999985877233663
80.08008008008008,0.7365803651830581,0.26540790604477493,0.14999986344684774
80.18018018018019,0.7365803629303982,0.265407900645521,0.14999986800521725
80.28028028028028,0.7365803607355785,0.2654078953867357,0.14999987244557628
80.38038038038039,0.7365803585993808,0.26540789027056133,0.14999987676620136
80.48048048048048,0.7365803565225182,0.2654078852989631,0.1499998809655142
80.58058058058059,0.7365803545056361,0.2654078804737291,0.14999988504208173
80.68068068068068,0.7365803525493114,0.26540787579647057,0.14999988899461592
80.78078078078079,0.736580350654053,0.2654078712686214,0.14999989282197407
80.88088088088088,0.7365803488203012,0.26540786689143875,0.14999989652315876
80.98098098098099,0.7365803470484283,0.26540786266600247,0.14999990009731767
81.08108108108108,0.7365803453387386,0.2654078585932154,0.1499999035437436
81.18118118118119,0.7365803436914676,0.2654078546738034,0.1499999068618747
81.28128128128128,0.7365803421067831,0.26540785090831526,0.1499999100512942
81.38138138138139,0.7365803405847844,0.26540784729712263,0.1499999131117306
81.48148148148148,0.7365803391255027,0.2654078438404202,0.1499999160430575
81.58158158158159,0.7365803377289007,0.26540784053822547,0.149999918845294
81.68168168168168,0.7365803363948733,0.26540783739037904,0.14999992151860403
81.78178178178179,0.7365803351232469,0.26540783439654436,0.14999992406329676
81.88188188188188,0.7365803339137798,0.26540783155620784,0.1499999264798268
81.98198198198199,0.7365803327661616,0.2654078288686788,0.14999992876879398
82.08208208208208,0.7365803316800146,0.26540782633308957,0.14999993093094294
82.18218218218219,0.7365803306548919,0.2654078239483954,0.14999993296716374
82.28228228228228,0.7365803296902791,0.2654078217133744,0.14999993487849178
82.38238238238239,0.7365803287855931,0.26540781962662774,0.14999993666610756
82.48248248248248,0.7365803279401828,0.26540781768657945,0.14999993833133662
82.58258258258259,0.7365803271533288,0.2654078158914765,0.14999993987564997
82.68268268268268,0.7365803264242435,0.2654078142393889,0.14999994130066358
82.78278278278279,0.7365803257520711,0.26540781272820957,0.14999994260813876
82.88288288288288,0.7365803251358874,0.26540781135565417,0.149999943799982
82.98298298298299,0.7365803245747002,0.2654078101192616,0.14999994487824503
83.08308308308308,0.736580324067449,0.2654078090163936,0.1499999458451246
83.18318318318319,0.7365803236130049,0.2654078080442347,0.1499999467029629
83.28328328328328,0.736580323210171,0.26540780719979257,0.14999994745424705
83.38338338338339,0.7365803228576822,0.2654078064798977,0.14999994810160966
83.48348348348348,0.7365803225542047,0.26540780588120355,0.1499999486478284
83.58358358358359,0.7365803222983371,0.2654078054001866,0.1499999490958261
83.68368368368368,0.7365803220886096,0.2654078050331462,0.14999994944867073
83.78378378378379,0.7365803219234838,0.2654078047762046,0.1499999497095757
83.88388388388388,0.7365803218013535,0.26540780462530716,0.1499999498818994
83.98398398398399,0.7365803217205439,0.26540780457622193,0.14999994996914556
84.08408408408408,0.7365803216793124,0.26540780462454006,0.14999994997496302
84.18418418418419,0.7365803216758479,0.26540780476567566,0.14999994990314586
84.28428428428428,0.736580321708271,0.26540780499486566,0.14999994975763326
84.38438438438439,0.7365803217746344,0.2654078053071701,0.14999994954250978
84.48448448448448,0.7365803218729221,0.26540780569747185,0.1499999492620051
84.58458458458459,0.7365803220010504,0.26540780616047677,0.14999994892049395
84.68468468468468,0.7365803221568669,0.26540780669071357,0.14999994852249654
84.78478478478479,0.7365803223381512,0.26540780728253394,0.14999994807267808
84.88488488488488,0.7365803225426146,0.26540780793011265,0.149999947575849
84.98498498498499,0.7365803227679004,0.26540780862744723,0.149999947036965
85.08508508508508,0.7365803230115834,0.2654078093683582,0.1499999464611269
85.18518518518519,0.7365803232711702,0.2654078101464891,0.14999994585358084
85.28528528528528,0.7365803235440992,0.26540781095530636,0.149999945219718
85.38538538538539,0.7365803238277407,0.26540781178809925,0.14999994456507476
85.4854854854855,0.7365803241193967,0.2654078126379802,0.14999994389533294
85.58558558558559,0.7365803244163007,0.2654078134978844,0.14999994321631932
85.6856856856857,0.7365803247156184,0.26540781436057004,0.149999942534006
85.78578578578579,0.7365803250144471,0.2654078152186183,0.14999994185451004
85.8858858858859,0.7365803253098158,0.26540781606443314,0.1499999411840942
85.98598598598599,0.7365803255986852,0.2654078168902417,0.149999940529166
86.0860860860861,0.7365803258779481,0.26540781768809385,0.14999993989627813
86.18618618618619,0.7365803261444288,0.26540781844986255,0.1499999392921288
86.2862862862863,0.7365803263948834,0.26540781916724365,0.1499999387235612
86.38638638638639,0.7365803266259997,0.2654078198317559,0.1499999381975639
86.4864864864865,0.7365803268343974,0.265407820434741,0.14999993772127046
86.58658658658659,0.7365803270166282,0.26540782096736365,0.14999993730195965
86.6866866866867,0.7365803271691752,0.2654078214206114,0.14999993694705555
86.78678678678679,0.7365803272884532,0.26540782178529493,0.14999993666412748
86.8868868868869,0.7365803273708091,0.26540782205204766,0.14999993646088983
86.98698698698699,0.7365803274125214,0.26540782221132597,0.1499999363452023
87.0870870870871,0.7365803274098005,0.2654078222534093,0.14999993632506964
87.18718718718719,0.7365803273587883,0.2654078221684,0.14999993640864195
87.2872872872873,0.7365803272555588,0.2654078219462232,0.1499999366042144
87.38738738738739,0.7365803270961174,0.26540782157662723,0.1499999369202275
87.4874874874875,0.7365803268764017,0.26540782104918315,0.1499999373652669
87.58758758758759,0.7365803265922809,0.2654078203532851,0.14999993794806332
87.6876876876877,0.7365803262395557,0.26540781947815,0.1499999386774929
87.78778778778779,0.7365803258139588,0.26540781841281796,0.14999993956257696
87.8878878878879,0.7365803253111549,0.2654078171461518,0.14999994061248173
87.98798798798799,0.7365803247283048,0.26540781567018173,0.1499999418335669
88.0880880880881,0.7365803241300625,0.26540781412219394,0.14999994310432713
88.18818818818819,0.7365803235517335,0.26540781257970986,0.1499999443570651
88.2882882882883,0.7365803229925854,0.2654078110437024,0.14999994559182378
88.38838838838839,0.736580322451898,0.2654078095151224,0.14999994680864842
88.4884884884885,0.7365803219289644,0.2654078079948981,0.14999994800758593
88.58858858858859,0.7365803214230905,0.2654078064839358,0.14999994918868542
88.6886886886887,0.7365803209335953,0.26540780498311956,0.1499999503519976
88.78878878878879,0.7365803204598103,0.26540780349331095,0.14999995149757545
88.8888888888889,0.7365803200010803,0.2654078020153496,0.1499999526254735
88.988988988989,0.7365803195567628,0.26540780055005264,0.1499999537357486
89.0890890890891,0.7365803191262285,0.2654077990982151,0.14999995482845935
89.1891891891892,0.7365803187088604,0.26540779766060973,0.14999995590366622
89.2892892892893,0.7365803183040551,0.2654077962379871,0.1499999569614317
89.3893893893894,0.7365803179112218,0.26540779483107546,0.1499999580018202
89.4894894894895,0.7365803175297825,0.2654077934405808,0.149999959024898
89.5895895895896,0.7365803171591723,0.26540779206718695,0.1499999600307334
89.6896896896897,0.7365803167988391,0.2654077907115554,0.14999996101939655
89.7897897897898,0.7365803164482438,0.2654077893743255,0.14999996199095955
89.8898898898899,0.7365803161068603,0.26540778805611437,0.1499999629454965
89.98998998999,0.736580315774175,0.26540778675751675,0.1499999638830833
90.0900900900901,0.7365803154496878,0.2654077854791052,0.14999996480379785
90.1901901901902,0.736580315132911,0.26540778422143013,0.14999996570772006
90.2902902902903,0.7365803148233702,0.2654077829850196,0.1499999665949316
90.3903903903904,0.7365803145206035,0.26540778177037944,0.14999996746551625
90.4904904904905,0.7365803142241621,0.2654077805779933,0.14999996831955953
90.5905905905906,0.7365803139336106,0.2654077794083225,0.14999996915714903
90.6906906906907,0.7365803136485256,0.2654077782618062,0.14999996997837428
90.7907907907908,0.7365803133684973,0.2654077771388613,0.1499999707833266
90.8908908908909,0.7365803130931285,0.2654077760398824,0.14999997157209932
90.990990990991,0.7365803128220351,0.2654077749652419,0.14999997234478785
91.0910910910911,0.7365803125548457,0.26540777391529,0.14999997310148916
91.1911911911912,0.736580312291202,0.2654077728903546,0.14999997384230251
91.2912912912913,0.7365803120307585,0.26540777189074133,0.14999997456732905
91.3913913913914,0.7365803117731826,0.2654077709167337,0.14999997527667153
91.4914914914915,0.7365803115181547,0.2654077699685928,0.14999997597043507
91.5915915915916,0.7365803112653682,0.2654077690465576,0.14999997664872639
91.6916916916917,0.736580311014529,0.2654077681508449,0.14999997731165426
91.7917917917918,0.7365803107653565,0.26540776728164905,0.14999997795932946
91.8918918918919,0.7365803105175824,0.2654077664391423,0.14999997859186454
91.991991991992,0.7365803102709518,0.2654077656234747,0.14999997920937413
92.0920920920921,0.7365803100252226,0.26540776483477385,0.14999997981197466
92.1921921921922,0.7365803097801653,0.26540776407314537,0.14999998039978463
92.2922922922923,0.7365803095355637,0.26540776333867244,0.14999998097292427
92.3923923923924,0.7365803092912144,0.2654077626314161,0.14999998153151595
92.4924924924925,0.7365803090469268,0.2654077619514151,0.14999998207568388
92.5925925925926,0.7365803088025232,0.265407761298686,0.1499999826055542
92.6926926926927,0.7365803085578392,0.265407760673223,0.1499999831212548
92.7927927927928,0.7365803083127226,0.2654077600749982,0.14999998362291594
92.8928928928929,0.7365803080670348,0.26540775950396145,0.1499999841106694
92.992992992993,0.7365803078206496,0.2654077589600402,0.14999998458464908
93.0930930930931,0.7365803075734543,0.26540775844313985,0.14999998504499074
93.1931931931932,0.7365803073253484,0.2654077579531434,0.14999998549183208
93.2932932932933,0.7365803070762449,0.26540775748991174,0.14999998592531277
93.3933933933934,0.7365803068260693,0.26540775705328346,0.14999998634557438
93.4934934934935,0.7365803065747604,0.2654077566430748,0.14999998675276033
93.5935935935936,0.7365803063222695,0.26540775625908003,0.14999998714701623
93.6936936936937,0.7365803060685611,0.2654077559010709,0.14999998752848925
93.7937937937938,0.7365803058136123,0.26540775556879703,0.14999998789732893
93.8938938938939,0.7365803055574138,0.26540775526198584,0.1499999882536862
93.993993993994,0.7365803052999683,0.26540775498034247,0.1499999885977144
94.0940940940941,0.7365803050412922,0.26540775472354977,0.1499999889295685
94.1941941941942,0.7365803047814142,0.2654077544912684,0.1499999892494056
94.2942942942943,0.7365803045203764,0.2654077542831368,0.14999998955738458
94.3943943943944,0.7365803042582334,0.26540775409877115,0.1499999898536663
94.4944944944945,0.7365803039950529,0.2654077539377653,0.1499999901384137
94.5945945945946,0.7365803037309158,0.26540775379969095,0.14999999041179124
94.6946946946947,0.7365803034659152,0.2654077536840976,0.1499999906739659
94.7947947947948,0.7365803032001579,0.26540775359051244,0.14999999092510596
94.8948948948949,0.7365803029337631,0.2654077535184403,0.14999999116538215
94.994994994995,0.736580302666863,0.2654077534673641,0.14999999139496673
95.0950950950951,0.7365803023996029,0.26540775343674416,0.14999999161403427
95.1951951951952,0.7365803021321409,0.26540775342601874,0.14999999182276091
95.2952952952953,0.7365803018646477,0.2654077534346039,0.14999999202132513
95.3953953953954,0.7365803015973077,0.26540775346189327,0.14999999220990673
95.4954954954955,0.7365803013303173,0.2654077535072584,0.1499999923886881
95.5955955955956,0.7365803010638864,0.2654077535700486,0.14999999255785312
95.6956956956957,0.7365803007982377,0.26540775364959085,0.14999999271758768
95.7957957957958,0.7365803005336066,0.26540775374518993,0.14999999286807986
95.8958958958959,0.7365803002702416,0.26540775385612836,0.14999999300951938
95.995995995996,0.7365803000084041,0.26540775398166644,0.14999999314209794
96.0960960960961,0.7365802997483685,0.2654077541210422,0.14999999326600927
96.1961961961962,0.7365802994904219,0.2654077542734715,0.14999999338144887
96.2962962962963,0.7365802992348643,0.2654077544381479,0.14999999348861437
96.3963963963964,0.736580298982009,0.2654077546142427,0.1499999935877051
96.4964964964965,0.7365802987321817,0.26540775480090495,0.1499999936789227
96.5965965965966,0.7365802984857213,0.26540775499726155,0.14999999376247025
96.6966966966967,0.7365802982429795,0.26540775520241705,0.14999999383855306
96.7967967967968,0.7365802980043212,0.26540775541545386,0.14999999390737828
96.8968968968969,0.7365802977701238,0.26540775563543206,0.1499999939691551
96.996996996997,0.7365802975407777,0.26540775586138954,0.14999999402409453
97.0970970970971,0.7365802973166865,0.26540775609234185,0.1499999940724095
97.1971971971972,0.7365802970982664,0.2654077563272825,0.14999999411431486
97.2972972972973,0.7365802968859466,0.26540775656518256,0.14999999415002757
97.3973973973974,0.7365802966801694,0.2654077568049909,0.14999999417976623
97.4974974974975,0.7365802964813898,0.2654077570456343,0.14999999420375154
97.5975975975976,0.7365802962900756,0.26540775728601707,0.14999999422220628
97.6976976976977,0.7365802961067077,0.2654077575250214,0.14999999423535493
97.7977977977978,0.7365802959317801,0.26540775776150727,0.1499999942434238
97.8978978978979,0.7365802957657993,0.2654077579943124,0.1499999942466414
97.997997997998,0.7365802956092851,0.2654077582222521,0.14999999424523802
98.0980980980981,0.7365802954627697,0.26540775844411973,0.149999994239446
98.1981981981982,0.7365802953267988,0.26540775865868615,0.1499999942294995
98.2982982982983,0.7365802952019306,0.26540775886470014,0.14999999421563465
98.3983983983984,0.7365802950887365,0.2654077590608882,0.1499999941980894
98.4984984984985,0.7365802949878004,0.2654077592459545,0.14999999417710386
98.5985985985986,0.7365802948997198,0.2654077594185811,0.14999999415291976
98.6986986986987,0.7365802948251042,0.26540775957742774,0.1499999941257812
98.7987987987988,0.7365802947645769,0.2654077597211319,0.14999999409593373
98.8988988988989,0.7365802947187735,0.26540775984830883,0.14999999406362513
98.998998998999,0.7365802946883427,0.26540775995755167,0.14999999402910497
99.0990990990991,0.7365802946739464,0.2654077600474311,0.1499999939926248
99.1991991991992,0.7365802946762587,0.26540776011649575,0.1499999939544382
99.2992992992993,0.7365802946959675,0.26540776016327183,0.1499999939148005
99.3993993993994,0.7365802947337728,0.26540776018626344,0.14999999387396917
99.4994994994995,0.7365802947903882,0.26540776018395246,0.1499999938322033
99.5995995995996,0.7365802948665398,0.26540776015479833,0.14999999378976414
99.6996996996997,0.7365802949629665,0.26540776009723854,0.14999999374691486
99.7997997997998,0.7365802950804206,0.2654077600096881,0.14999999370392053
99.8998998998999,0.7365802952196668,0.26540775989053983,0.1499999936610481
100.0,0.7365802953814831,0.2654077597381644,0.14999999361856653
